OverallQual,GrLivArea,GarageCars,TotalBsmtSF,YearBuilt,FullBath,1stFlrSF,TotRmsAbvGrd,SalePrice
7,1710,2,856,2003,2,856,8,208500
6,1262,2,1262,1976,2,1262,6,181500
7,1786,2,920,2001,2,920,6,223500
7,1717,3,756,1915,1,961,7,140000
8,2198,3,1145,2000,2,1145,9,250000
5,1362,2,796,1993,1,796,5,143000
8,1694,2,1686,2004,2,1694,7,307000
7,2090,2,1107,1973,2,1107,7,200000
7,1774,2,952,1931,2,1022,8,129900
5,1077,1,991,1939,1,1077,5,118000
5,1040,1,1040,1965,1,1040,5,129500
9,2324,3,1175,2005,3,1182,11,345000
5,912,1,912,1962,1,912,4,144000
7,1494,3,1494,2006,2,1494,7,279500
6,1253,1,1253,1960,1,1253,5,157000
7,854,2,832,1929,1,854,5,132000
6,1004,2,1004,1970,1,1004,5,149000
4,1296,2,0,1967,2,1296,6,90000
5,1114,2,1114,2004,1,1114,6,159000
5,1339,1,1029,1958,1,1339,6,139000
8,2376,3,1158,2005,3,1158,9,325300
7,1108,1,637,1930,1,1108,6,139400
8,1795,2,1777,2002,2,1795,7,230000
5,1060,2,1040,1976,1,1060,6,129900
5,1060,1,1060,1968,1,1060,6,154000
8,1600,3,1566,2007,2,1600,7,256300
5,900,2,900,1951,1,900,5,134800
8,1704,3,1704,2007,2,1704,7,306000
5,1600,1,1484,1957,1,1600,6,207500
4,520,1,520,1927,1,520,4,68500
4,1317,1,649,1920,1,649,6,40000
5,1228,1,1228,1966,1,1228,6,149350
8,1234,2,1234,2007,2,1234,7,179900
5,1700,2,1398,1959,1,1700,6,165500
9,1561,2,1561,2005,2,1561,6,277500
8,2452,3,1117,2004,3,1132,9,309000
5,1097,2,1097,1994,1,1097,6,145000
5,1297,2,1297,1954,1,1297,5,153000
5,1057,1,1057,1953,1,1057,5,109000
4,1152,0,0,1955,2,1152,6,82000
6,1324,2,1088,1965,2,1324,6,160000
5,1328,1,1350,1959,1,1328,5,170000
5,884,2,840,1983,1,884,5,144000
5,938,1,938,1975,1,938,5,130250
5,1150,1,1150,1959,1,1150,6,141000
9,1752,2,1752,2005,2,1752,6,319900
7,2149,2,1434,2003,1,1518,6,239686
8,1656,3,1656,2006,2,1656,7,249700
4,1452,0,736,1920,2,736,8,113000
5,955,1,955,1966,1,955,6,127000
6,1470,2,794,1997,2,794,6,177000
6,1176,2,816,1934,1,816,6,114500
5,816,2,816,1963,1,816,5,110000
9,1842,3,1842,1981,0,1842,5,385000
5,1360,2,384,1955,1,1360,6,130000
6,1425,2,1425,1964,2,1425,7,180500
8,1739,2,970,1999,2,983,7,172500
7,1720,2,860,2004,2,860,7,196500
10,2945,3,1410,2006,3,1426,10,438780
5,780,1,780,1972,1,780,4,124900
6,1158,2,1158,2004,1,1158,5,158000
5,1111,1,530,1920,1,581,6,101000
8,1370,2,1370,2006,2,1370,6,202500
7,1710,2,576,1921,2,902,9,140000
7,2034,2,1057,1997,2,1057,8,219500
8,2473,3,1143,2004,2,1143,9,317000
7,2207,2,1947,1970,2,2207,7,180000
7,1479,2,1453,2003,2,1479,7,226000
4,747,1,747,1945,1,747,4,80000
7,2287,2,1304,1953,2,1304,7,225000
7,2223,2,2223,1973,2,2223,8,244000
4,845,2,845,1982,1,845,4,129500
7,1718,2,832,1998,2,885,7,185000
5,1086,2,1086,1954,1,1086,6,144900
3,1605,1,840,1915,2,840,8,107400
4,988,1,462,1973,1,526,5,91000
4,952,1,952,1956,1,952,4,135750
5,1285,1,672,1948,1,1072,6,127000
4,1768,0,1768,1968,2,1768,8,136500
5,1230,2,440,1910,1,682,5,110000
6,2142,1,896,1968,2,1182,8,193500
6,1337,2,1237,1998,2,1337,5,153500
8,1563,3,1563,2007,2,1563,6,245000
5,1065,2,1065,1960,1,1065,6,126500
7,1474,2,384,1995,2,804,7,168500
8,2417,2,1288,1991,2,1301,9,260000
6,1560,2,684,2005,2,684,6,174000
6,1224,2,612,2009,2,612,4,164500
3,1526,0,1013,1915,1,1013,6,85000
4,990,0,990,1994,1,990,5,123600
4,1040,2,0,1950,1,1040,4,109900
5,1235,2,1235,1961,1,1235,6,98600
5,964,2,876,1921,1,964,5,163500
6,2291,2,1214,1910,2,1260,9,133900
6,1786,2,824,1997,2,905,7,204750
6,1470,2,680,1993,2,680,6,185000
7,1588,2,1588,1999,2,1588,6,214000
4,960,1,960,1965,1,960,6,94750
5,835,1,458,1920,1,835,5,83000
4,1225,0,950,1959,1,1225,6,128950
6,1610,2,1610,1977,2,1610,6,205000
6,1732,2,741,1985,2,977,7,178000
5,1535,2,0,1979,2,1535,8,118964
7,1226,3,1226,2009,2,1226,6,198900
7,1818,1,1040,1931,1,1226,7,169500
8,1992,2,1053,2003,2,1053,9,250000
4,1047,1,641,1885,1,1047,6,100000
5,789,1,789,1948,1,789,5,115000
5,1517,0,793,1919,2,997,7,115000
6,1844,2,1844,1977,2,1844,7,190000
6,1855,1,994,1954,2,1216,7,136900
7,1430,2,384,2000,2,774,7,180000
7,2696,3,1264,2007,2,1282,10,383970
6,2259,2,1809,1953,2,2259,7,217000
6,2320,1,1028,1945,2,1436,9,259500
6,1458,2,729,1999,2,729,5,176000
5,1092,1,1092,1962,1,1092,6,139000
5,1125,2,1125,2006,1,1125,5,155000
7,3222,3,1673,1990,3,1699,11,320000
6,1456,2,728,2005,2,728,8,163990
6,988,2,938,1969,1,988,4,180000
4,1123,1,732,1939,1,772,4,100000
6,1080,1,1080,1958,1,1080,5,136000
6,1199,2,1199,1993,2,1199,5,153900
6,1586,2,1362,1979,2,1586,7,181000
6,754,0,520,1935,1,520,5,84500
6,958,2,1078,1976,2,958,5,128000
5,840,0,672,1930,1,840,5,87000
6,1348,2,660,1966,1,660,6,155000
5,1053,2,1008,1958,1,1053,6,150000
7,2157,2,924,1966,2,1216,8,226000
6,2054,2,992,2000,2,1022,7,244000
5,1327,2,1063,1959,1,1327,7,150750
8,1296,2,1267,2001,2,1296,6,220000
5,1721,2,1461,1968,2,1721,7,180000
7,1682,2,1304,1970,2,1682,7,174000
5,1214,1,1214,1967,2,1214,5,143000
7,1959,3,1907,1988,3,1959,9,171000
8,1852,3,1004,1999,2,1004,7,230000
6,1764,2,928,1997,2,928,7,231500
4,864,0,864,1971,1,864,5,115000
7,1734,2,1734,2005,2,1734,7,260000
5,1385,2,910,1952,2,910,6,166000
7,1501,2,1490,1999,2,1501,6,204000
5,1728,2,1728,1963,2,1728,10,125000
6,1709,2,970,2004,2,970,7,130000
5,875,1,715,1931,1,875,5,105000
7,2035,2,884,2001,2,884,8,222500
7,1080,0,1080,2004,1,1080,6,141000
5,1344,1,896,1936,1,896,7,115000
5,969,2,969,1975,1,969,5,122000
8,1710,3,1710,2007,2,1710,6,372402
6,1993,2,825,1971,2,1097,8,190000
6,1252,2,1602,1960,1,1252,4,235000
6,1200,1,1200,1923,1,1200,7,125000
6,1096,0,572,1924,1,572,5,79000
5,1040,2,0,1950,1,1040,5,109500
8,1968,3,774,2009,2,774,8,269500
7,1947,2,991,2004,2,991,8,254900
7,2462,2,1392,2005,2,1392,9,320000
6,1232,2,1232,1984,2,1232,6,162500
9,2668,3,1572,2003,2,1572,10,412500
7,1541,2,1541,2005,2,1541,7,220000
4,882,0,882,1956,1,882,4,103200
6,1616,1,1149,1926,2,1149,5,152000
5,1355,0,644,1940,2,808,6,127500
5,1867,1,1617,1955,1,1867,7,190000
8,2161,3,1582,2007,1,1610,8,325624
7,1720,2,840,2004,2,840,7,183500
8,1707,2,1686,1981,2,1707,6,228000
5,1382,2,720,1941,1,854,7,128500
6,1656,2,1080,1960,1,1656,7,215000
7,1767,2,1064,1987,2,1064,5,239000
6,1362,2,1362,1961,1,1362,6,163000
6,1651,2,1606,1986,2,1651,7,184000
6,2158,2,1202,1950,2,2158,7,243000
6,2060,2,1151,1988,2,1164,8,211000
5,1920,2,1052,1958,2,1252,8,172500
9,2234,3,2216,2008,2,2234,9,501837
5,968,2,968,1923,1,968,5,100000
6,1525,2,756,2000,2,769,5,177000
7,1802,1,793,1920,1,901,9,200100
5,1340,1,0,1957,1,1340,7,120000
7,2082,2,1362,2003,2,1362,6,200000
5,1252,2,504,1908,1,936,5,127000
10,3608,3,1107,1892,2,1518,12,475000
7,1217,2,1188,1990,2,1217,6,173000
5,1656,1,660,1916,2,808,8,135000
5,1224,2,1086,1979,0,1224,6,153337
8,1593,2,1593,2001,1,1593,5,286000
8,2727,2,853,1932,2,1549,10,315000
7,1479,2,725,1972,1,725,7,184000
7,1431,2,1431,1999,2,1431,6,192000
7,1709,2,970,2004,2,970,7,130000
5,864,1,864,1972,1,864,5,127000
6,1456,2,855,1976,2,855,7,148500
7,1726,3,1726,2007,2,1726,8,311872
8,3112,2,1360,1918,2,1360,8,235000
6,2229,0,755,1912,1,929,8,104000
8,1713,3,1713,2004,2,1713,7,274900
4,1121,2,1121,2003,2,1121,5,140000
6,1279,2,1196,1977,2,1279,6,171500
6,1310,1,617,1924,2,865,6,112000
6,848,2,848,2004,1,848,3,149000
5,1284,1,720,1947,1,720,5,110000
7,1442,2,1424,1990,2,1442,5,180500
5,1696,1,1140,1962,1,1696,8,143900
4,1100,1,1100,1960,1,1100,6,141000
7,2062,2,1157,1988,2,1180,7,277000
6,1092,2,1092,1964,1,1092,6,145000
5,864,0,864,1925,1,864,5,98000
6,1212,2,1212,2009,2,1212,6,186000
7,1852,2,900,2009,2,932,7,252678
5,990,2,990,1995,1,990,5,156000
6,1392,1,689,1977,1,689,6,161750
5,1236,1,1070,1957,1,1236,6,134450
7,1436,2,1436,2004,2,1436,8,210000
4,1328,1,686,1925,1,810,8,107000
7,1954,2,798,1939,1,1137,8,311500
7,1248,2,1248,2005,2,1248,5,167240
7,1498,2,1498,2006,2,1498,5,204900
6,2267,2,1010,2002,2,1010,8,200000
6,1552,2,713,1975,2,811,6,179900
4,864,2,864,1971,1,864,4,97000
10,2392,3,2392,2003,2,2392,8,386250
5,1302,1,630,1971,2,630,6,112000
7,2520,3,1203,1995,2,1214,9,290000
6,987,1,483,1970,1,483,5,106000
5,912,1,912,1967,1,912,5,125000
7,1555,2,1373,2005,2,1555,7,192500
6,1194,1,1194,1959,1,1194,6,148000
8,2794,3,1462,1995,2,1490,9,403000
6,987,1,483,1972,1,483,5,94500
5,894,1,894,1976,1,894,5,128200
6,1960,2,860,2002,2,860,8,216500
6,987,1,483,1971,1,483,5,89500
7,1414,2,1414,2004,2,1414,6,185500
7,1744,2,996,1993,2,1014,7,194500
8,1694,3,1694,2007,2,1694,7,318000
6,1487,1,735,1945,1,798,7,113000
8,1566,2,1566,2008,2,1566,7,262500
5,866,0,686,1945,1,866,4,110500
5,1440,1,540,1900,1,889,6,79000
6,1217,1,626,1980,1,626,6,120000
7,2110,2,948,1994,2,1222,8,205000
7,1872,2,1845,1988,2,1872,6,241500
6,1928,1,1020,1910,2,908,9,137000
6,1375,2,1367,1954,1,1375,5,140000
7,1668,2,840,2003,2,840,8,180000
6,2144,2,1444,1958,2,1444,7,277000
3,1306,0,728,1940,1,1306,6,76500
8,1625,2,1573,2006,2,1625,5,235000
6,1640,2,798,2004,2,798,6,173000
6,1302,1,1302,1964,2,1302,7,158000
5,1314,1,1314,1957,1,1314,5,145000
7,2291,2,975,1999,2,1005,8,230000
6,1728,2,864,2003,2,864,7,207500
7,1604,2,1604,2006,2,1604,8,220000
7,1792,2,963,2001,2,963,7,231500
5,882,1,0,1956,1,882,4,97000
6,1382,2,1362,1962,1,1382,6,176000
8,2574,3,1482,2007,2,1482,10,276000
6,1212,2,506,1977,1,1212,6,151000
5,1316,2,926,1929,1,926,6,130000
5,764,2,680,1925,1,764,4,73000
6,1422,2,1422,1981,2,1422,7,175500
6,1511,2,802,1997,2,802,8,185000
5,2192,1,720,1939,2,1052,8,179500
5,778,1,740,1940,1,778,4,120500
6,1113,1,1143,1976,1,1113,6,148000
8,1939,3,1095,2006,2,1095,8,266000
7,1363,2,1385,1954,1,1363,5,241500
8,2270,3,1152,1999,2,1164,9,290000
6,1632,1,1240,1958,2,1632,6,139000
5,816,1,816,1982,1,816,5,124500
7,1548,2,952,1925,2,952,5,205000
7,1560,2,1560,2003,2,1560,7,201000
4,864,2,864,1951,1,864,4,141000
9,2121,3,2121,2006,2,2121,8,415298
7,2022,2,1160,1977,2,1156,8,192000
7,1982,2,807,1989,2,1175,7,228500
6,1262,2,1262,2006,2,1262,5,185000
7,1314,2,1314,2007,2,1314,6,207500
8,1468,3,1468,2008,2,1468,6,244600
6,1575,2,1575,1992,2,1575,5,179200
7,1250,2,625,2006,2,625,5,164700
6,1734,2,912,1962,1,1085,7,159000
4,858,0,858,1971,1,858,5,88000
5,900,1,882,1967,1,900,5,122000
6,1396,1,698,1915,1,698,7,153575
8,1919,2,1079,2006,2,1079,8,233230
5,1716,0,780,1912,2,936,9,135900
5,1716,1,768,1949,1,1148,8,131000
7,2263,2,795,1977,2,1468,9,235000
6,1644,2,1416,1953,1,1644,7,167000
6,1003,2,1003,1984,1,1003,6,142500
5,1558,1,910,1950,1,910,6,152000
7,1950,2,975,1997,2,975,7,239000
6,1743,2,702,1968,1,1041,7,175000
6,1152,1,1092,1950,1,1152,6,158500
5,1336,1,1165,1953,1,1336,5,157000
8,2452,2,1028,1998,2,1210,9,267000
7,1541,3,1541,2001,2,1541,6,205000
5,894,2,894,1972,1,894,5,149900
7,3493,3,1470,1880,3,1675,10,295000
8,2000,3,2000,2004,2,2000,8,305900
7,2243,3,700,1990,2,1122,8,225000
6,1406,0,319,1920,1,1035,6,89500
4,861,2,861,1940,1,861,4,82500
9,1944,3,1896,2003,2,1944,8,360000
6,1501,2,697,1993,2,697,6,165600
6,972,1,972,1948,1,972,5,132000
5,1118,2,793,1939,1,793,5,119900
7,2036,2,2136,1965,2,2036,8,375000
7,1641,2,728,1925,1,832,6,178000
7,1432,2,716,2004,2,716,6,188500
7,2353,2,845,1980,2,1153,10,260000
8,1959,3,1088,2006,2,1088,8,270000
7,2646,3,1347,1993,2,1372,9,260000
7,1472,2,1372,1980,2,1472,6,187500
9,2596,3,1249,2006,3,1249,9,342643
8,2468,3,1136,2004,2,1136,10,354000
7,2730,2,1502,1986,2,1553,8,301000
3,1163,1,1162,1955,1,1163,6,126175
7,2978,2,710,1967,2,1898,11,242000
5,803,2,720,1941,1,803,5,87000
8,1719,2,1719,1993,1,1719,6,324000
6,1383,1,1383,1960,1,1383,7,145250
6,2134,2,844,1916,2,1445,10,214500
5,1192,1,596,1920,1,596,6,78000
5,1728,1,1728,1964,2,1728,10,119000
5,1056,1,1056,1958,1,1056,6,139000
8,1629,3,3206,2003,2,1629,7,284000
7,1358,2,1358,2004,2,1358,6,207000
6,1638,2,943,1998,2,943,7,192000
5,1786,2,1499,1965,2,1619,7,228950
9,1922,3,1922,2005,2,1922,8,377426
7,1536,2,1536,2002,2,1536,7,214000
7,1621,2,1208,1984,2,1621,8,202500
6,1215,1,1215,1958,1,1215,6,155000
8,1908,2,967,2002,2,993,9,202900
4,841,1,721,1950,1,841,4,82000
3,1040,2,0,1949,2,1040,6,87500
9,1684,2,1684,2005,2,1684,6,266000
5,1112,1,536,1976,1,536,4,85000
6,1577,1,972,1939,1,972,6,140200
6,958,1,958,1960,1,958,5,151500
6,1478,2,1478,1960,2,1478,6,157500
7,1626,2,764,2003,2,764,6,154000
9,2728,3,1848,2005,2,1848,10,437154
9,1869,2,1869,2007,2,1869,6,318061
7,1453,2,1453,1986,1,1453,6,190000
5,1111,1,616,1941,1,616,5,95000
6,720,2,624,1928,1,720,5,105900
6,1595,1,940,1940,1,1192,6,140000
6,1200,2,1200,1995,2,1200,6,177500
6,1167,2,1158,1992,2,1167,6,173000
5,1142,2,1142,1976,1,1142,6,134000
5,1352,1,1062,1958,1,1352,6,130000
8,1924,2,1086,1998,2,1086,7,280000
6,912,2,888,1978,1,912,5,156000
5,1505,1,883,1940,1,988,8,145000
7,1922,2,0,2003,3,495,7,198500
6,987,1,483,1972,1,483,5,118000
6,1574,2,796,1976,2,790,6,190000
5,1344,1,672,1920,1,672,6,147000
6,1394,2,1394,1963,1,1394,6,159000
6,1431,1,1099,1962,1,1431,6,165000
5,1268,1,1268,1954,1,1268,7,132000
5,1287,2,1063,1959,1,1287,7,162000
6,1664,2,953,2000,2,953,7,172400
4,1588,2,0,1959,2,1120,7,134432
6,752,1,744,1984,1,752,4,125000
5,1319,1,608,1953,1,1319,5,123000
7,1928,2,847,2003,2,847,8,219500
1,904,0,683,1922,0,904,4,61000
5,914,2,870,1996,1,914,5,148000
8,2466,2,1580,2004,3,1580,8,340000
9,1856,3,1856,2010,1,1856,8,394432
6,1800,2,982,2000,2,1007,7,179000
5,1691,1,1026,1924,2,1026,6,127000
7,1301,2,1293,2006,2,1301,5,187750
7,1797,2,939,2006,2,939,8,213500
6,784,2,784,1928,1,784,5,76000
6,1953,2,1580,1992,2,1079,9,240000
8,1269,2,1256,2004,2,1269,6,192000
5,1184,0,658,1910,1,658,8,81000
6,1125,1,1041,1976,1,1125,6,125000
7,1479,2,1468,1999,2,1479,6,191000
10,2332,3,1682,2007,2,1742,9,426000
5,1367,1,861,1900,1,961,7,119000
6,1961,2,804,2001,2,804,7,215000
5,882,1,0,1959,1,882,5,106500
4,788,0,788,1941,1,788,4,100000
5,1034,1,735,1940,1,735,5,109000
5,1144,1,1144,1956,1,1144,6,129000
5,894,2,894,1972,1,894,6,123000
5,1812,1,864,1962,2,876,8,169500
5,1077,1,961,1920,1,1077,6,67000
7,1550,2,1092,2006,2,1112,7,241000
8,1288,2,1260,1996,1,1288,4,245500
7,1310,2,1310,2005,2,1310,6,164990
5,672,1,672,1940,1,672,4,108000
8,2263,2,1141,1998,2,1165,10,258000
6,1572,2,806,1995,2,806,7,168000
4,1620,2,1281,1976,2,1620,8,150000
6,1639,1,1064,1936,1,1166,6,115000
6,1680,1,840,1915,2,840,8,177000
7,2172,3,1063,2006,2,1071,9,280000
8,2078,3,1034,2007,2,1050,8,339750
5,1276,1,1276,1958,1,1276,5,60000
5,1056,2,1056,1955,1,1056,5,145000
7,1478,2,1470,2009,2,1478,7,222000
5,1028,2,1008,1927,1,1028,5,115000
7,2097,3,1080,1993,2,1080,9,228000
7,1340,2,1340,2007,2,1340,6,181134
6,1400,2,672,1978,1,672,6,149500
6,2624,3,1370,1918,2,1370,10,239000
5,1134,1,756,1940,1,756,7,126000
5,1056,1,1056,1968,1,1056,6,142000
7,1344,4,1344,1997,2,1344,8,206300
6,1602,2,1602,1977,2,1602,8,215000
5,988,2,988,1954,1,988,4,113000
8,2630,3,1470,1998,2,1470,8,315000
6,1196,1,1196,1956,1,1196,6,139000
7,1389,1,651,1946,1,707,6,135000
7,1644,2,1518,1989,2,1644,5,275000
4,907,1,907,1957,1,907,5,109008
7,1208,2,1208,2007,2,1208,6,195400
6,1412,2,1392,1988,2,1412,6,175000
6,987,1,483,1971,1,483,4,85400
6,1198,0,901,1920,1,1088,7,79900
5,1365,2,765,1971,1,765,6,122500
6,1604,2,926,1997,2,926,7,181000
4,630,0,630,1972,1,630,3,81000
7,1661,2,799,1996,2,827,6,212000
6,1118,2,648,1920,1,734,6,116000
6,904,1,884,1926,1,904,4,119000
5,694,1,440,1913,1,694,4,90350
6,1196,2,684,1920,1,684,7,110000
10,2402,3,3094,2008,2,2402,10,555000
4,1440,0,1440,1955,2,1440,8,118000
5,1573,2,1078,1930,2,1128,8,162900
7,1258,3,1258,2006,2,1258,6,172500
7,1908,2,915,1994,2,933,8,210000
6,1689,2,1436,1956,1,1689,7,127500
6,1888,2,1517,1966,2,1888,6,190000
7,1886,2,930,1998,2,956,10,199900
6,1376,1,780,1937,2,780,7,119500
3,1183,1,649,1948,1,679,6,120000
6,813,1,813,1930,1,813,5,110000
7,1533,2,1533,1975,2,1533,5,280000
6,1756,2,872,1996,2,888,7,204000
8,1590,2,768,2008,2,786,6,210000
5,1728,2,1728,1976,2,1728,8,188000
7,1242,2,1242,1973,1,1242,6,175500
5,1344,3,624,1916,1,624,7,98000
4,1663,2,1364,1954,1,1663,6,256000
8,1666,1,588,1925,1,833,7,161000
5,1203,1,709,1950,1,979,5,110000
8,1935,2,832,2009,2,832,8,263435
7,1135,2,560,1936,1,575,6,155000
5,864,1,864,1965,1,864,5,62383
6,1660,1,715,1934,1,849,6,188700
5,1040,0,1040,1978,2,1040,5,124000
7,1414,2,1375,2004,2,1414,6,178740
7,1277,2,1277,1970,1,1277,5,167000
5,1644,1,728,1942,1,888,7,146500
8,1634,3,1626,2006,2,1634,7,250000
6,1710,2,832,1993,2,832,7,187000
8,1502,2,1488,1985,1,1502,4,212000
7,1969,2,808,1977,2,1161,8,190000
6,1072,2,547,2005,1,1072,5,148000
8,1976,3,1976,2006,2,1976,7,440000
8,1652,2,1494,2000,2,1652,6,251000
5,970,2,970,1963,1,970,5,132500
6,1493,2,1478,1997,2,1493,7,208900
9,2643,3,2153,2006,2,2069,9,380000
8,1718,3,1705,2007,2,1718,7,297000
4,1131,2,907,1937,1,1131,7,89471
9,1850,3,1833,2004,2,1850,8,326000
9,1792,3,1792,2003,2,1792,6,374000
7,1826,1,910,1915,1,916,7,155000
6,1216,2,1216,1998,2,1216,5,164000
5,999,1,999,1962,1,999,6,132500
5,1113,1,1113,1950,1,1113,5,147000
5,1073,2,1073,1965,1,1073,6,156000
5,1484,2,1484,1971,2,1484,7,175000
5,2414,2,954,1900,2,1766,10,160000
4,630,1,630,1970,1,630,3,86000
5,1304,1,264,1976,1,616,4,115000
6,1578,1,806,1941,1,958,5,133000
6,1456,2,728,2006,2,728,8,172785
5,1269,1,1269,1960,1,1269,6,155000
5,886,1,190,1938,1,886,4,91300
4,720,0,720,1920,1,720,4,34900
8,3228,2,3200,1992,3,3228,10,430000
7,1820,1,1026,1925,2,1133,8,184000
5,899,1,864,1967,1,899,5,130000
5,912,1,912,1958,1,912,5,120000
6,1218,1,672,1973,1,672,7,113000
7,1768,2,866,2005,2,866,7,226700
5,1214,2,1214,1965,1,1214,6,140000
7,1801,2,1501,1959,2,1801,6,289000
6,1322,2,855,1974,2,855,6,147000
5,1960,2,960,1952,2,960,10,124500
8,1911,2,777,1993,2,1065,8,215000
6,1218,2,1218,2009,2,1218,4,208300
7,1378,2,689,1928,2,689,7,161000
5,1041,1,1041,1959,1,1041,6,124500
5,1363,1,1008,1951,1,1363,6,164900
7,1368,2,1368,2005,2,1368,6,202665
5,864,2,864,1958,1,864,5,129900
6,1080,2,1084,1983,1,1080,5,134000
5,789,1,768,1926,1,789,5,96500
10,2020,3,2006,2009,2,2020,9,402861
6,2119,2,689,1972,2,1378,7,158000
7,2344,3,1264,1996,2,1277,7,265000
6,1796,2,794,1998,2,882,7,211000
7,2080,1,1276,1926,1,1276,9,234000
4,1294,0,0,1900,2,694,7,106250
6,1244,1,1244,1957,1,1244,6,150000
6,1664,2,1004,1947,2,1004,7,159000
10,4676,3,3138,2007,3,3138,11,184750
7,2398,3,1379,1996,2,1383,8,315750
7,1266,2,1257,2005,2,1266,6,176000
5,928,1,928,1956,1,928,4,132000
9,2713,3,1452,2008,2,1476,11,446261
4,605,0,528,1920,1,605,5,86000
6,2515,2,2035,1957,3,2515,9,200624
6,1509,2,1461,1988,2,1509,5,175000
6,1362,2,611,1920,2,751,6,128000
5,827,1,0,1955,1,827,5,107500
1,334,0,0,1946,1,334,2,39300
8,1414,2,707,2004,2,707,6,178000
5,1347,0,1117,1910,1,820,5,107500
7,1724,2,880,1998,2,880,8,188000
4,864,2,864,1972,1,864,5,111250
5,1159,1,1051,1968,1,1159,7,158000
8,1601,2,1581,2001,2,1601,6,272000
9,1838,3,1838,2006,2,1838,8,315000
8,2285,3,969,2000,2,997,8,248000
7,1680,2,1650,1998,2,1680,7,213250
7,767,1,723,1998,1,767,4,133000
7,1496,2,654,2006,2,664,7,179665
7,2183,3,1204,1988,2,1377,9,229000
6,1635,2,1065,1923,1,915,6,210000
5,768,2,768,1970,1,768,5,129500
5,825,2,825,1955,1,825,4,125000
7,2094,2,912,2003,2,912,8,263000
6,1069,2,1069,1977,2,1069,4,140000
5,928,1,928,1957,1,928,5,112500
8,1717,3,1709,2006,2,1717,7,255500
4,1126,2,0,1949,2,1126,5,108000
7,2046,3,998,2003,2,1006,8,284000
5,1048,1,993,1922,1,1048,5,113000
5,1092,1,1092,1957,1,1092,6,141000
4,1336,1,637,1920,1,897,7,108000
7,1446,2,729,1996,2,729,6,175000
7,1557,2,1374,2003,2,1557,7,234000
5,1392,2,1392,1957,1,1392,5,121500
5,1389,2,1389,1974,1,1389,6,170000
5,996,0,996,1940,1,996,6,108000
6,1674,2,1163,1918,2,1163,8,185000
7,2295,2,1095,1992,2,1166,9,268000
6,1647,1,806,1915,1,841,6,128000
9,2504,3,1122,2005,2,1134,11,325000
7,1535,2,1517,2004,2,1535,7,214000
8,2132,2,1496,1983,1,1496,5,316600
5,943,2,943,1979,1,943,4,135960
5,1728,2,1728,1965,2,1728,10,142600
6,864,1,864,1959,1,864,4,120000
7,1692,2,846,2009,2,846,6,224500
7,1430,2,384,2000,2,774,8,170000
5,1109,1,372,1971,1,576,5,139000
5,1216,1,832,1947,1,832,6,118500
7,1477,1,861,1928,2,877,6,145000
5,1320,2,1164,1966,1,1320,6,164500
7,1392,2,689,2007,2,703,5,146000
5,1795,1,1050,1954,2,1050,7,131500
6,1429,2,1144,1960,1,1429,7,181900
8,2042,3,2042,2008,2,2042,8,253293
6,816,0,816,1990,1,816,5,118500
10,2775,2,1237,1893,3,1521,9,325000
4,1573,1,884,1935,1,989,6,133000
8,2028,3,1868,2005,2,2028,7,369900
6,838,1,816,1918,1,838,5,130000
5,860,2,840,1982,1,860,4,137000
5,1473,1,1437,1968,1,1473,5,143000
5,935,1,742,1930,1,779,4,79500
7,1582,2,770,2004,2,770,6,185900
10,2296,3,1722,2008,2,1728,10,451950
5,816,2,816,1982,1,816,4,138000
6,848,2,848,2003,1,848,4,140000
5,924,1,924,1975,1,924,5,110000
8,1826,3,1814,2005,2,1826,7,319000
6,1368,1,684,1910,1,684,7,114504
7,1402,3,1258,2006,0,1402,7,194201
5,1647,2,1430,1977,2,1647,7,217500
6,1556,2,716,1980,2,716,6,151000
8,1904,2,1058,2005,2,1058,8,275000
6,1375,1,780,1937,1,780,6,141000
8,1915,2,908,1992,2,927,8,220000
7,1200,2,600,2004,2,600,4,151000
7,1494,2,1494,2002,2,1494,6,221000
7,1986,2,768,1965,2,1186,7,205000
5,1040,2,1040,1996,1,1040,6,152000
5,2008,1,896,1948,3,1112,8,225000
8,3194,2,965,1934,2,1940,10,359100
4,1029,1,1029,1961,1,1029,5,118500
9,2153,3,1440,2000,2,1476,8,313000
6,1032,2,1032,1978,2,1032,6,148000
8,1872,2,1299,2001,2,1299,7,261500
5,1120,0,1120,2007,1,1120,6,147000
4,630,0,630,1972,1,630,3,75500
6,1054,2,936,1963,1,1054,6,137500
6,1509,2,783,2002,2,807,7,183200
6,832,2,832,1954,1,832,4,105500
9,1828,3,1822,2007,2,1828,9,314813
8,2262,3,1482,2003,2,1482,10,305000
3,864,0,864,1914,1,864,5,67000
6,2614,2,1522,1974,2,1548,9,240000
5,980,2,980,1977,1,980,6,135000
6,1512,2,756,2000,2,756,4,168500
6,1790,2,732,1972,1,1012,8,165150
6,1116,2,1116,1962,1,1116,5,160000
5,1422,1,978,1960,1,1422,6,139900
6,1520,1,1156,1955,1,1520,7,153000
5,2080,2,1040,1969,1,1040,9,135000
6,1350,2,1248,1964,1,1350,6,168500
5,1750,1,636,1880,1,1089,8,124000
8,1554,2,1554,2006,2,1554,6,209500
7,1411,2,1386,1977,2,1411,6,82500
5,1056,1,1056,1954,1,1056,6,139400
6,1056,2,1056,1980,0,1056,4,144000
6,3395,0,1440,1914,2,1440,14,200000
2,800,0,264,1936,1,800,4,60000
5,1387,1,811,1954,2,811,7,93000
5,796,0,796,1910,1,796,4,85000
8,1567,3,1520,2006,2,1567,7,264561
8,1518,2,1518,2003,1,1518,6,274000
7,1929,2,1057,2001,2,1057,7,226000
8,2704,2,1952,1972,2,2000,9,345000
5,1620,2,780,1969,2,780,7,152000
9,1766,3,1766,2009,2,1766,7,370878
6,981,2,981,1971,1,981,5,143250
5,1048,2,0,1950,1,1048,7,98300
6,1094,2,1094,1953,1,1094,5,155000
6,1839,2,756,1966,1,1051,7,155000
4,630,0,630,1970,1,630,3,84500
7,1665,2,813,2007,2,822,7,205950
4,1510,1,755,1940,1,755,7,108000
7,1716,2,880,1996,2,909,7,191000
6,1469,1,756,1906,1,756,7,135000
8,2113,3,2109,1995,2,2113,7,350000
6,1092,1,525,1971,1,525,6,88000
5,1053,1,1053,1959,1,1053,5,145500
7,1502,1,776,1931,1,851,6,149000
6,1458,1,912,1948,1,912,6,97500
5,1486,2,1486,1964,1,1486,7,167000
7,1935,2,793,1976,2,1142,7,197900
8,2448,3,1629,1994,2,1686,8,402000
6,1392,2,1392,1968,1,1392,5,110000
4,1181,2,1138,1972,2,1181,6,137500
8,2097,3,2077,2005,1,2097,8,423000
8,1936,2,1406,2000,2,1454,7,230500
6,2380,2,1021,1965,2,1465,7,129000
6,1679,2,1408,1994,2,1679,7,193500
5,1437,2,1188,1956,1,1437,6,168000
4,1180,1,700,1922,1,1180,5,137500
6,1476,2,738,2005,2,738,7,173500
6,1369,1,672,1925,2,697,6,103600
6,1208,2,1208,1977,1,1208,6,165000
6,1839,2,1477,1957,2,1839,7,257500
6,1136,1,1136,1965,1,1136,5,140000
6,1441,2,855,1978,2,855,7,148500
4,1774,3,1095,1900,2,1095,8,87000
5,792,1,768,1924,1,792,5,109500
8,2046,3,2046,2008,2,2046,7,372500
5,988,2,988,1961,1,988,5,128500
6,923,1,923,1980,2,923,5,143000
5,1520,1,793,1932,1,848,6,159434
6,1291,2,1291,1996,1,1291,6,173000
9,1668,3,1626,2002,2,1668,7,285000
7,1839,2,1195,1998,2,1195,7,221000
7,2090,2,1190,1984,2,1190,6,207500
7,1761,2,874,2007,3,874,7,227875
7,1102,2,551,2004,2,551,4,148800
8,1419,2,1419,2007,2,1419,7,392000
6,1362,2,1362,2005,2,1362,6,194700
6,848,2,848,2004,1,848,3,141000
10,4316,3,2444,1994,3,2444,10,755000
7,2519,2,1210,1989,2,1238,9,335000
5,1073,1,1073,1921,1,1073,4,108480
5,1539,2,927,1936,1,1067,5,141500
6,1137,2,1112,1987,2,1137,5,176000
5,616,1,616,1921,1,616,4,89000
5,1148,1,980,1952,1,1148,6,123500
5,894,1,894,1965,1,894,5,138500
7,1391,2,1391,2004,2,1391,5,196000
8,1800,3,1800,2002,2,1800,7,312500
7,1164,2,1164,1969,1,1164,6,140000
8,2576,3,1234,2006,2,1264,10,361919
5,1812,2,360,1900,2,1032,8,140000
7,1484,2,1473,2004,2,1484,7,213000
4,1092,0,0,1930,2,372,7,55000
7,1824,2,1643,1971,2,1824,5,302000
8,1324,2,1324,2006,2,1324,6,254000
7,1456,2,728,2007,2,728,8,179540
5,904,1,876,1966,1,904,6,109900
3,729,0,270,1935,1,729,5,52000
4,1178,1,859,1900,1,859,7,102776
8,1228,2,1228,1988,2,1228,5,189000
4,960,2,960,1970,1,960,6,129000
6,1479,2,725,1976,2,725,6,130500
6,1350,2,1064,1974,2,1350,7,165000
7,2554,2,718,1890,1,1576,8,159500
5,1178,2,1176,1973,1,1178,5,157000
7,2418,3,1311,1993,2,1325,9,341000
5,971,1,971,1969,1,971,5,128500
8,1742,2,1742,1985,2,1742,5,275000
6,848,2,848,2004,1,848,3,143000
4,864,2,864,1970,1,864,5,124500
4,1470,1,941,1954,2,997,7,135000
9,1698,3,1698,2007,2,1698,8,320000
4,864,2,864,1970,1,864,5,120500
6,1680,2,880,1988,2,1680,5,222000
7,1232,2,1232,2007,2,1232,6,194500
5,1776,3,1584,1958,2,1776,9,110000
4,1208,2,780,1925,1,848,5,103000
8,1616,2,1595,1995,2,1616,5,236500
7,1146,2,868,2003,2,1146,6,187500
7,2031,2,1153,1998,2,1153,8,222500
5,1144,1,864,1961,1,1144,6,131400
5,948,1,948,1968,1,948,6,108000
7,1768,2,880,1914,1,880,6,163000
3,1040,2,0,1950,2,1040,6,93500
8,1801,3,893,2005,2,901,8,239900
5,1200,0,1200,1987,3,1200,5,179000
7,1728,2,864,2004,2,864,7,190000
5,1432,2,264,1910,2,768,7,132000
6,912,1,912,1961,1,912,5,142000
7,1349,2,1349,2000,2,1349,6,179000
5,1464,2,520,1963,2,1464,6,175000
8,1337,2,1337,1993,2,1337,5,180000
8,2715,2,1142,1976,3,1175,11,299800
7,2256,2,952,2000,2,980,8,236000
7,2640,4,1240,1880,1,1320,8,265979
7,1720,2,1720,1996,2,1720,7,260400
4,1529,1,0,1945,2,1088,9,98000
4,1140,0,576,1910,1,792,7,96500
7,1320,2,660,2003,2,660,6,162000
6,1494,2,1479,1997,2,1494,6,217000
8,2098,3,1030,2005,2,1038,8,275500
6,1026,2,1026,1969,1,1026,5,156000
6,1471,2,729,1999,2,742,6,172500
8,1768,2,866,2007,2,866,7,212000
6,1386,2,672,1978,2,672,6,158900
7,1501,2,744,1999,2,757,6,179400
8,2531,3,1318,1995,2,1328,9,290000
6,864,1,864,1959,1,864,5,127500
5,1301,2,1145,1924,1,1301,5,100000
7,1547,2,756,2009,2,764,7,215200
8,2365,3,1252,1999,2,1268,8,337000
8,1494,2,1494,1995,1,1494,6,270000
9,1506,2,1498,2008,2,1506,6,264132
7,1714,2,980,1988,2,980,7,196500
6,1750,1,983,1940,2,983,7,160000
7,1836,2,1860,2004,2,1836,8,216837
8,3279,3,1650,2003,3,1690,12,538000
5,858,2,858,1982,1,858,5,134900
4,1220,2,836,1951,1,1220,6,102000
6,1117,2,1029,1976,1,1117,6,107000
5,912,1,912,1958,1,912,5,114500
8,1973,3,1935,2006,2,1973,9,395000
6,1204,2,1204,1998,2,1204,5,162000
7,1614,3,1614,2005,2,1614,7,221500
5,894,2,864,1974,1,894,5,142500
5,2020,2,0,1977,2,2020,10,144000
6,1004,2,975,1977,1,1004,4,135000
7,1253,2,1237,1995,2,1253,6,176000
6,1603,2,761,1992,2,810,7,175900
7,1430,2,1413,2001,2,1430,6,187100
5,1110,2,1097,1978,1,1110,4,165500
6,1484,0,742,1914,2,742,9,128000
6,1342,2,1372,1967,2,1342,7,161500
5,1652,1,686,1915,2,966,7,139000
7,2084,2,956,2004,2,956,8,233000
4,901,1,901,1954,1,901,4,107900
6,2087,2,832,1966,2,976,9,187500
7,1145,2,1145,2005,2,1145,5,160200
6,1062,2,1029,1976,1,1062,5,146800
7,2013,2,1117,1996,2,1127,8,269790
8,1496,2,1496,2007,2,1496,7,225000
7,1895,2,712,1994,2,1086,7,194500
6,1564,2,650,1980,2,888,7,171000
6,1285,2,660,1977,1,1285,7,143500
5,773,1,773,1953,1,773,4,110000
9,3140,3,1926,2008,3,1966,11,485000
5,1768,1,731,1937,1,981,7,175000
6,1688,2,616,1997,2,616,8,200000
4,1196,2,1196,1916,1,1196,5,109900
7,1456,2,728,2005,2,728,7,189000
9,2822,3,1734,2008,3,1734,12,582933
5,1128,1,936,1954,1,1128,5,118000
7,1428,2,1417,2008,2,1428,6,227680
5,980,1,980,1967,2,980,6,135500
5,1576,2,1324,1923,1,1072,6,223500
5,1086,2,1024,1966,1,1086,6,159950
5,2138,2,849,1898,2,1075,11,106000
6,1309,2,1040,1974,1,1309,5,181000
6,848,2,848,2004,1,848,4,144500
5,1044,2,540,1952,1,1044,4,55993
6,1442,1,1442,1958,1,1442,7,157900
5,1250,1,686,1918,1,686,7,116000
7,1661,2,1649,1998,2,1661,6,224900
5,1008,1,1008,1954,1,1008,4,137000
8,1689,3,1568,2002,2,1689,7,271000
6,1052,2,1010,1971,1,1052,6,155000
7,1358,2,1358,2009,2,1358,6,224000
7,1640,2,798,2003,2,798,6,183000
4,936,2,936,1953,1,936,4,93000
7,1733,2,847,2003,2,847,7,225000
6,1489,1,778,1940,2,944,7,139500
8,1489,2,1489,2006,2,1489,7,232600
10,2084,3,2078,2007,2,2084,7,385000
5,784,0,784,1924,1,784,5,109500
7,1434,2,1454,2001,2,1434,6,189000
5,2126,2,1013,1967,2,1160,7,185000
7,1223,2,600,2005,2,520,4,147400
6,1392,2,1392,1957,1,1392,6,166000
7,1200,2,600,2005,2,520,4,151000
7,1829,2,941,2003,2,941,7,237000
6,1516,2,1516,1964,1,1516,6,167000
5,1144,2,1144,1961,1,1144,6,139950
4,1067,2,1067,1950,2,1067,4,128000
5,1559,2,1559,1948,1,1559,5,153500
6,987,1,483,1973,1,483,5,100000
5,1099,1,1099,1995,1,1099,6,144000
5,1200,1,768,1946,1,768,6,130500
6,1482,1,672,1925,2,810,7,140000
5,1539,2,650,1904,2,958,8,157500
6,1165,2,1127,1966,1,1165,6,174900
5,1800,0,1800,1961,2,1800,10,141000
5,1416,3,876,1915,1,876,7,153900
5,1701,2,1390,1975,2,1701,6,171000
7,1775,2,740,1993,2,1006,7,213000
5,864,1,864,1972,1,864,5,133500
6,2358,2,907,1908,3,1307,10,240000
6,1855,2,528,1976,2,1094,7,187000
6,848,2,848,2003,1,848,3,131500
8,1456,2,1273,2003,2,1456,7,215000
7,1646,1,918,1941,2,918,7,164000
6,1445,2,1127,1964,1,1445,7,158000
5,1779,2,1763,1955,1,1779,6,170000
5,1040,1,1040,1962,1,1040,6,127000
6,1026,2,940,1978,1,1026,5,147000
6,1481,2,702,1994,2,702,6,174000
7,1370,2,1090,1976,2,1370,6,152000
6,2654,2,1054,1968,2,1512,9,250000
7,1426,1,912,1918,1,912,7,189950
5,1039,2,1039,1965,1,1039,6,131500
6,1097,2,1040,1984,2,1097,6,152000
5,1148,1,1148,1959,1,1148,6,132500
7,1372,2,1372,2007,2,1372,6,250580
5,1002,2,1002,1970,1,1002,5,148500
8,1646,3,1638,2006,2,1646,6,248900
4,1120,2,1040,1961,1,1120,5,129000
5,2320,2,0,1948,2,1547,7,169000
7,1949,2,1050,1993,2,1062,8,236000
5,894,1,894,1962,1,894,5,109500
6,1682,2,804,1998,2,804,7,200500
5,910,2,105,1953,1,910,5,116000
5,1268,1,832,1949,1,1036,6,133000
5,1131,1,676,1941,1,676,5,66500
8,2610,2,1184,2007,2,1184,11,303477
4,1040,2,1064,1963,1,1040,5,132250
9,2224,3,1462,2004,2,1462,10,350000
5,1155,2,1109,1961,1,1155,6,148000
5,864,1,864,1978,1,864,6,136500
5,1090,2,1090,2005,1,1090,5,157000
7,1717,2,1156,1990,2,1187,7,187500
6,1593,2,808,1992,2,808,7,178000
4,2230,1,795,1912,1,954,10,118500
5,892,1,892,1967,1,892,5,100000
9,1709,2,1698,1999,2,1709,5,328900
5,1712,2,1626,1959,2,1712,8,145000
5,1393,1,816,1955,1,872,8,135500
8,2217,2,2217,1970,2,2217,8,268000
6,1505,2,1505,1953,1,1505,6,149500
5,924,2,672,1949,1,672,6,122900
6,1683,2,918,1978,2,918,7,172500
6,1068,1,1059,1963,1,1068,6,154500
5,1383,1,1383,1954,1,1383,6,165000
5,1535,2,0,1979,2,1535,8,118858
6,1796,2,780,1963,1,983,8,140000
4,951,1,951,1936,1,951,6,106500
5,2240,2,0,1979,2,1120,12,142953
9,2364,3,2330,2009,2,2364,11,611657
5,1236,1,912,1961,1,1236,6,135000
4,858,1,858,1971,1,858,4,110000
5,1306,1,992,1957,1,1306,5,153000
7,1509,2,783,2003,2,807,8,180000
7,1670,3,1670,2006,2,1670,7,240000
5,902,1,876,1967,1,902,6,125500
5,1063,1,1056,1954,1,1063,6,128000
8,1636,3,1623,2006,2,1636,8,255000
7,2057,1,1017,1936,1,1020,6,250000
5,902,2,864,1983,1,902,5,131000
6,1484,2,742,2005,2,742,8,174000
5,2274,2,1105,1960,2,1105,12,154300
5,1268,1,1268,1977,1,1268,5,143500
5,1015,1,768,1925,1,1015,6,88000
5,2002,3,1001,1949,2,1001,8,145000
6,1224,2,612,2009,2,612,4,173733
4,1092,1,546,1970,1,546,6,75000
2,480,1,480,1949,0,480,4,35311
4,1229,1,1134,1956,1,1229,6,135000
7,2127,3,1104,1991,2,912,8,238000
6,1414,2,1184,1958,1,1414,6,176500
6,1721,2,928,1994,2,936,7,201000
5,2200,0,1272,1900,2,1272,9,145900
6,1316,2,1316,2005,2,1316,6,169990
6,1617,2,1604,1993,2,1617,5,193000
6,1686,2,1686,1980,2,1686,7,207500
5,1126,2,1126,1977,2,1126,6,175000
8,2374,3,1181,2003,2,1234,10,285000
7,1978,2,832,1968,2,1098,9,176000
8,1788,2,1753,2001,2,1788,7,236500
7,2236,2,964,1997,2,993,8,222000
8,1466,3,1466,2007,2,1466,7,201000
5,925,1,925,1965,1,925,5,117500
9,1905,3,1905,2006,2,1905,8,320000
7,1500,2,1500,2004,2,1500,6,190000
7,2069,2,585,1960,2,2069,9,242000
4,747,2,600,1926,1,747,5,79900
7,1200,2,1176,2003,2,1200,5,184900
7,1971,2,1113,2005,2,1113,8,253000
7,1962,3,1391,2006,2,1391,7,239799
7,2403,1,1032,1940,2,1207,10,244400
6,1728,2,1728,1976,2,1728,8,150900
7,2060,2,992,1999,2,1022,8,214000
4,1440,0,1440,1977,2,1440,8,150000
5,1632,2,1632,1967,2,1632,8,143000
6,1344,2,819,1958,1,1344,7,137500
5,1869,2,1088,1890,1,1188,7,124900
5,1144,1,1144,1959,1,1144,6,143000
8,1629,3,1616,2002,2,1629,9,270000
7,1776,2,936,2002,2,936,7,192500
6,1381,2,1161,1972,1,1381,5,197500
5,864,2,864,1950,1,864,5,129000
5,965,1,828,1965,1,965,6,119900
5,768,1,768,1972,1,768,5,133900
5,1968,2,784,1969,2,1168,7,172000
6,980,0,945,1975,2,980,4,127500
6,1958,2,979,1946,2,979,8,145000
6,1229,2,561,1980,1,561,5,124000
5,1057,2,1057,1962,1,1057,6,132000
7,1337,2,1337,2003,2,1337,6,185000
7,1416,2,696,1999,2,696,6,155000
5,858,0,858,1958,1,858,4,116500
6,2872,2,1330,1977,2,1542,11,272000
6,1548,2,804,1976,2,804,7,155000
9,1800,2,1800,2007,2,1800,7,239000
7,1894,2,817,2002,2,824,8,214900
6,1484,2,783,2005,2,783,8,178900
5,1308,1,728,1940,1,976,7,160000
5,1098,1,1098,1955,1,1098,6,135000
3,968,0,600,1910,1,600,6,37900
6,1095,1,588,1958,1,1095,6,140000
4,1192,0,720,1949,1,720,6,135000
7,1626,2,764,2003,2,764,6,173000
6,918,1,918,1979,2,918,5,99500
7,1428,2,1428,2007,2,1428,6,182000
7,2019,2,728,1910,1,1136,8,167500
7,1382,2,673,2000,2,673,6,165000
4,869,0,440,1923,1,869,4,85500
7,1241,2,1241,2006,1,1241,4,199900
4,894,2,894,1954,1,894,5,110000
5,1121,2,1121,1963,1,1121,5,139000
7,999,2,944,1961,1,999,6,178400
8,2612,3,1225,1998,2,1276,8,336000
7,1266,2,1266,2007,2,1266,6,159895
8,2290,2,1128,2002,2,1149,9,255900
5,1734,2,0,1977,2,1302,8,126000
5,1164,1,1164,1950,1,1164,5,125000
6,1635,1,485,1910,1,1001,5,117000
9,1940,3,1930,2009,2,1940,8,395192
6,2030,2,848,1976,2,1118,8,195000
7,1576,2,770,2006,2,778,6,197000
8,2392,3,1396,1997,2,1407,7,348000
8,1742,2,916,1882,1,916,8,168000
6,1851,2,822,1964,2,1020,7,187000
6,1500,2,750,2005,2,750,6,173900
10,1718,3,1700,2006,2,1718,7,337500
4,1230,1,747,1946,1,774,5,121600
5,1050,1,1050,1961,1,1050,6,136500
6,1442,2,1442,1970,2,1442,6,185000
3,1077,1,1007,1922,1,1077,6,91000
7,1208,2,1187,2006,2,1208,6,206000
3,944,2,0,1952,1,944,4,82000
5,691,1,691,1920,1,691,4,86000
8,1574,3,1574,2006,2,1574,7,232000
5,1680,2,1680,1976,2,1680,8,136905
7,1504,2,1346,2005,2,1504,7,181000
5,985,1,985,1977,2,985,6,149900
6,1657,2,1657,1970,2,1657,7,163500
4,1092,1,546,1970,1,546,6,88000
7,1710,2,1710,2004,2,1710,7,240000
5,1522,0,1008,1926,2,1008,7,102000
5,1271,1,720,1948,2,720,7,135000
5,1664,0,0,1965,2,1664,8,100000
6,1502,1,602,1923,1,900,7,165000
5,1022,1,1022,1910,1,1022,4,85000
6,1082,1,1082,1948,1,1082,5,119200
8,1665,2,810,2001,2,810,6,227000
7,1504,2,1504,1996,2,1504,6,203000
8,1360,2,1220,1984,1,1360,4,187500
7,1472,2,384,1991,2,802,7,160000
7,1506,2,1362,2005,2,1506,6,213490
4,1132,2,1132,2005,1,1132,5,176000
7,1220,2,1199,2006,2,1220,6,194000
5,1248,1,912,1930,1,912,6,87000
7,1504,2,1346,2005,2,1504,7,191000
8,2898,2,1565,1976,2,2898,10,287000
5,882,2,882,1972,1,882,5,112500
5,1264,2,1268,1960,1,1264,6,167500
8,1646,3,1638,2007,2,1646,7,293077
5,1376,1,768,1941,1,968,6,105000
6,1218,1,672,1972,1,672,7,118000
5,1928,0,686,1916,2,948,10,160000
7,3082,2,824,1920,2,1687,12,197000
8,2520,3,1338,1993,2,1352,10,310000
7,1654,3,1654,2002,2,1654,6,230000
5,954,1,920,1938,1,954,5,119750
4,845,1,0,1957,1,845,5,84000
9,1620,3,1620,2007,2,1620,6,315500
8,2263,2,1055,2001,2,1055,7,287000
4,1344,0,546,1970,1,798,6,97000
4,630,1,630,1970,1,630,3,80000
5,1803,2,1134,1957,2,1803,8,155000
6,1632,2,800,1966,1,800,7,173000
6,1306,2,1306,2005,2,1306,5,196000
7,2329,2,1475,1990,2,1532,10,262280
8,2524,2,2524,1981,2,2524,9,278000
3,1733,2,0,1955,2,1733,8,139600
9,2868,3,1992,2005,3,1992,11,556581
5,990,2,990,1994,1,990,5,145000
5,1771,2,0,1960,1,1771,9,115000
4,930,1,0,1946,1,930,6,84900
7,1302,2,1302,2007,2,1302,6,176485
7,1316,2,1316,2007,2,1316,6,200141
6,1977,2,816,1964,1,1127,9,165000
5,1526,1,1216,1957,1,1526,7,144500
8,1989,2,1065,2002,2,1091,7,255000
6,1523,2,1193,1976,2,1523,7,180000
7,1364,2,1364,2005,2,1364,6,185850
7,1850,2,973,1994,2,979,7,248000
9,2184,3,1104,2008,2,1130,10,335000
6,1991,2,854,1932,1,1096,7,220000
8,1338,2,1338,2001,2,1338,6,213500
3,894,3,894,1935,1,894,6,81000
5,2337,2,662,1900,2,1422,10,90000
6,1103,2,1103,1925,1,1103,5,110500
5,1154,2,1154,1966,1,1154,6,154000
7,2260,2,1306,1996,2,1306,7,328000
6,1571,2,799,1993,2,799,7,178000
6,1611,2,780,1964,1,798,7,167900
6,2521,2,942,1973,2,1291,10,151400
5,893,2,845,1949,1,893,4,135000
5,1048,1,1048,1956,1,1048,6,135000
6,1556,2,727,1968,1,829,8,154000
5,1456,1,810,1948,1,1002,7,91500
6,1426,2,690,1977,1,698,6,159500
7,1240,3,1240,2006,2,1240,5,194000
7,1740,1,800,1940,1,960,6,219500
5,1466,2,796,1936,2,1096,7,170000
5,1096,1,1096,1969,1,1096,6,138800
6,848,2,848,2004,1,848,3,155900
5,990,1,990,1994,1,990,5,126000
6,1258,2,1258,1971,2,1258,5,145000
5,1040,1,1040,1963,1,1040,5,133000
7,1459,2,1459,2002,2,1459,6,192000
6,1251,1,1251,1964,1,1251,6,160000
6,1498,2,691,1995,2,691,6,187500
6,996,2,936,1992,1,996,5,147000
4,1092,1,546,1973,1,546,6,83500
8,1953,3,1082,2005,2,1082,9,252000
7,1709,2,970,2004,2,970,7,137500
8,1247,2,1247,2005,1,1247,4,197000
3,1040,2,0,1950,2,1040,6,92900
7,1252,2,600,1999,2,624,4,160000
6,1694,2,1181,1925,2,1390,7,136500
5,1200,2,864,1965,1,1200,6,146000
5,936,1,936,1956,1,936,4,129000
6,1314,2,1314,2006,2,1314,6,176432
6,1355,0,684,1914,1,773,7,127000
8,1088,2,1074,1986,1,1088,5,170000
4,1324,1,672,1936,1,757,6,128000
7,1601,2,1271,1978,2,1601,7,157000
2,438,1,290,1920,1,438,3,60000
5,950,1,950,1971,1,950,5,119500
5,1134,1,1010,1960,1,1134,6,135000
6,1194,2,655,1959,1,1194,6,159500
5,1302,2,630,1970,2,630,6,106000
8,2622,2,1463,1994,2,1500,9,325000
7,1442,2,910,1990,2,1442,6,179900
7,2021,2,868,2006,2,887,9,274725
6,1690,2,924,2000,2,948,7,181000
8,1836,3,1836,2004,2,1836,7,280000
6,1658,2,773,1995,2,773,8,188000
7,1964,2,803,1976,2,1098,8,205000
5,816,1,816,1957,1,816,5,129900
5,1008,1,1008,1953,1,1008,6,134500
5,833,1,833,1954,1,833,4,117000
8,1734,3,1734,2007,2,1734,7,318000
8,1419,2,408,2002,2,779,7,184100
5,894,2,894,1967,1,894,5,130000
5,1601,1,533,1958,1,1021,6,140000
5,1040,1,1040,1959,1,1040,6,133700
6,1012,1,1012,1920,1,1012,6,118400
7,1552,3,1552,2005,2,1552,7,212900
4,960,1,672,1956,1,960,5,112000
5,698,0,698,1947,1,698,4,118000
7,1482,2,384,1992,2,812,7,163900
4,1005,2,1005,1955,1,1005,5,115000
7,1555,3,1373,2007,2,1555,7,174000
7,1530,3,1530,2004,2,1530,7,259000
7,1959,2,847,2004,2,847,8,215000
5,936,2,936,1980,1,936,4,140000
4,1981,2,1122,1928,2,1328,7,135000
5,974,0,974,1991,1,974,5,93500
6,2210,1,1008,1880,2,1178,8,117500
8,2020,2,1128,1995,2,1142,8,239500
6,1600,2,916,1997,2,916,7,169000
6,986,1,960,1926,1,986,5,102000
6,1252,1,1032,1950,1,1032,6,119000
5,1020,0,780,1875,1,780,6,94000
6,1567,2,1567,1977,2,1567,5,196000
5,1167,2,915,1920,1,1167,6,144000
5,952,2,952,1951,1,952,4,139000
5,1868,2,780,1976,2,1088,9,197500
8,2828,3,1466,2006,3,1466,11,424870
5,1006,0,1006,1959,1,1006,5,80000
4,924,1,672,1941,1,672,5,80000
5,1576,1,1042,1928,1,1042,8,149000
6,1298,2,1298,1985,2,1298,5,180000
7,1564,1,704,1941,1,860,7,174500
7,1111,1,572,1926,1,572,5,116900
7,1482,2,650,1920,1,832,7,143000
6,932,1,932,1950,1,932,4,124000
5,1466,2,1466,1959,1,1466,6,149900
6,1811,2,1073,1956,1,1811,6,230000
6,816,1,816,1930,1,816,5,120500
7,1820,2,864,1965,1,902,8,201800
5,1437,2,1437,1976,2,1437,6,218000
5,1265,2,1219,1965,2,1265,6,179900
7,1314,2,1314,2007,2,1314,6,230000
8,1580,3,1580,2007,2,1580,7,235128
6,1876,2,901,1974,2,943,8,185000
6,1456,2,855,1978,2,855,7,146000
6,1640,2,1296,1954,1,1640,7,224000
5,894,2,894,1968,1,894,5,129000
4,1258,2,1198,1969,0,1258,6,108959
5,1432,2,1360,1978,1,1432,5,194000
7,1502,2,1502,2009,2,1502,7,233170
8,1694,3,1694,2008,2,1694,7,245350
6,1671,2,959,2000,2,959,7,173000
6,2108,2,1127,1935,2,1236,7,235000
10,3627,3,1930,1995,3,1831,10,625000
6,1118,1,1096,1977,1,1118,6,171000
6,1261,2,1261,1958,1,1261,6,163000
7,1250,2,625,2006,2,625,5,171900
5,3086,0,1598,1946,3,1636,12,200500
6,2345,2,952,1932,2,1170,9,239000
8,2872,2,1683,1992,2,2129,9,285000
5,923,1,876,1984,1,923,5,119500
6,1224,1,818,1926,1,818,5,115000
5,1343,1,731,1921,1,820,7,154900
5,1124,0,0,1954,1,1124,5,93000
7,2514,2,1216,1990,2,1298,8,250000
8,1652,2,1600,2008,2,1652,5,392500
10,4476,3,2396,1996,3,2411,10,745000
5,1130,2,1120,1920,1,1130,5,120000
5,1572,3,1572,1963,1,1572,5,186700
5,1221,1,784,1924,1,949,7,104900
3,1699,2,978,1900,2,1014,7,95000
8,1624,3,1624,1994,2,1624,5,262000
7,1660,2,831,2002,2,831,7,195000
7,1804,2,994,1999,2,1028,7,189000
4,1622,4,1249,1961,1,1622,7,168000
8,1441,2,776,1999,2,764,5,174000
5,1472,1,702,1925,1,842,6,125000
6,1224,2,1224,1999,2,1224,5,165000
6,1352,1,663,1969,1,663,7,158000
6,1456,2,728,2005,2,728,8,176000
7,1863,3,879,2006,2,879,9,219210
7,1690,1,815,1916,1,815,7,144000
7,1212,2,1212,2001,2,1212,6,178000
4,1382,2,1051,1963,1,1382,6,148000
4,864,1,864,1970,1,864,5,116050
7,1779,2,866,1998,2,866,6,197900
5,1348,1,884,1925,1,884,5,117000
7,1630,2,1630,2000,2,1630,6,213000
5,1074,2,1056,1975,1,1074,6,153500
7,2196,3,2158,1990,2,2196,7,271900
4,1056,1,1056,1966,1,1056,5,107000
6,1700,2,1682,2003,2,1700,7,200000
5,1283,2,931,1962,1,1283,6,140000
8,1660,2,1660,2006,2,1660,8,290000
6,1845,2,1055,1992,2,1055,8,189000
8,1752,2,559,1988,2,1080,8,164000
4,672,1,672,1941,1,672,4,113000
4,960,1,648,1965,0,960,3,145000
5,999,1,925,1962,1,999,6,134500
5,894,1,894,1966,1,894,5,125000
6,1902,2,0,1978,2,1318,8,112000
8,1314,2,1300,2009,2,1314,6,229456
4,912,0,0,1947,1,672,3,80500
6,1218,0,672,1971,1,672,7,91500
5,912,1,912,1964,1,912,5,115000
5,1211,1,952,1968,1,1211,5,134000
6,1846,1,1040,1949,2,1168,7,143000
5,2136,2,2136,1951,2,2136,7,137900
7,1490,2,788,2004,2,788,8,184000
6,1138,1,588,1958,1,1138,6,145000
6,1933,3,894,2007,2,894,9,214000
5,912,2,912,1965,1,912,5,147000
9,1702,3,1702,2008,1,1702,7,367294
5,1507,1,1075,1960,2,1507,7,127000
5,2620,2,1361,1977,2,1361,12,190000
5,1190,2,1106,1962,1,1190,6,132500
4,1224,2,0,1962,2,1224,6,101800
5,1188,2,1188,1959,1,1188,6,142000
5,1964,0,940,1911,1,1024,7,130000
5,1784,1,747,1914,1,892,9,138887
7,1626,2,764,2003,2,764,6,175500
7,1948,2,847,2004,2,847,8,195000
6,1141,2,1141,2005,1,1141,6,142500
8,1484,2,1476,2006,2,1484,6,265900
7,1768,2,884,2003,2,884,8,224900
7,1689,3,1689,2007,2,1689,7,248328
7,1173,2,1053,1974,2,1173,6,170000
10,2076,3,2076,2006,2,2076,7,465000
8,1517,2,792,1929,1,792,7,230000
6,1868,2,585,1984,3,1140,7,178000
7,1553,2,756,2005,2,756,6,186500
6,1034,3,1012,1976,1,1034,6,169900
6,2058,2,735,1917,1,1134,8,129500
5,988,1,876,1950,1,988,6,119000
7,2110,2,2110,1968,2,2110,8,244000
7,1405,2,1405,2003,2,1405,6,171750
5,874,1,864,1968,1,874,5,130000
7,2167,2,1192,1974,2,1516,9,294000
7,1656,2,746,2003,2,760,7,165400
6,1367,1,884,1931,1,959,6,127500
8,1987,2,1986,1994,2,1987,7,301500
5,864,0,864,1922,1,864,4,99900
7,1166,2,856,2005,2,1166,5,190000
6,1054,2,1054,1969,1,1054,6,151000
6,1675,2,841,1999,2,892,7,181000
5,1050,1,1050,1956,1,1050,5,128900
4,1788,1,1104,1957,1,1104,8,161500
6,1824,2,764,1919,1,1060,8,180500
6,1337,2,1405,1998,2,1337,5,181000
7,1452,2,691,1999,2,713,6,183900
7,1889,1,925,1910,1,964,9,122000
9,2018,3,2002,2008,2,2018,10,378500
8,3447,3,728,1935,3,1968,11,381000
5,1524,1,874,1958,1,874,7,144000
7,1524,2,1332,1979,0,1332,4,260000
6,1489,2,1489,1968,2,1489,7,185750
5,935,1,935,1965,1,935,5,137000
6,1357,1,1019,1959,1,1357,5,177000
5,1250,2,661,1910,2,661,8,139000
5,1920,2,928,1948,2,928,10,137000
6,1395,2,723,1972,1,735,6,162000
6,1724,2,1680,1967,1,1724,7,197900
8,2031,2,1128,2002,2,1128,7,237000
4,1128,2,698,1920,1,698,6,68400
7,1573,2,1573,2002,2,1573,6,227000
7,1339,2,1309,1990,2,1339,6,180000
5,1040,2,1040,1977,2,1040,5,150500
6,1824,0,912,1971,2,912,8,139000
6,2447,1,804,1919,2,1699,10,169000
6,1412,1,780,1939,1,825,6,132500
6,1328,2,1328,1963,1,1328,6,143000
5,1582,2,1624,1964,2,1582,7,190000
8,1659,2,1501,2000,2,1659,5,278000
8,1970,3,1085,2006,2,1120,8,281000
5,1152,2,1152,1964,1,1152,6,180500
5,1302,1,630,1972,2,630,6,119500
5,2372,1,994,1892,2,1378,11,107500
7,1664,2,832,1976,2,832,8,162900
5,864,2,864,1955,1,864,5,115000
5,1052,1,1052,1968,1,1052,5,138500
5,1128,2,1120,1963,2,1128,6,155000
6,1072,2,547,2005,2,1072,5,140000
10,5642,2,6110,2008,2,4692,12,160000
5,1246,1,1246,1959,1,1246,6,154000
7,1983,2,978,1999,2,1005,9,225000
6,1494,1,771,1942,1,753,7,177500
8,2526,3,1165,1994,2,1203,8,290000
7,1616,3,1616,2005,2,1616,7,232000
7,1708,2,976,2004,2,976,7,130000
9,1652,2,1652,2006,2,1652,6,325000
7,1368,2,1368,2005,2,1368,6,202500
5,990,2,990,1994,1,990,5,138000
5,1122,2,924,1948,1,1122,6,147000
6,1294,2,1278,1991,2,1294,6,179200
7,1902,2,1902,1959,2,1902,7,335000
7,1274,2,1274,2005,2,1274,6,203000
8,2810,2,1453,1990,2,1453,9,302000
9,2599,3,1393,1999,2,1422,10,333168
4,948,1,948,1954,1,948,5,119000
6,2112,2,952,1969,2,1092,9,206900
8,1630,3,1622,2008,2,1630,8,295493
7,1352,2,1352,2006,2,1352,5,208900
8,1787,3,1753,2001,2,1787,7,275000
4,948,1,864,1954,1,948,5,111000
6,1478,2,1478,1957,1,1478,6,156500
3,720,1,0,1949,1,720,4,72500
7,1923,2,750,1992,2,1061,8,190000
4,708,0,420,1940,1,708,5,82500
8,1795,3,1795,2006,2,1795,7,147000
4,796,0,796,1922,1,796,5,55000
3,774,0,544,1931,1,774,6,79000
5,816,1,816,1982,1,816,5,130500
6,2792,2,1510,1920,2,1584,8,256000
7,1632,2,935,1998,2,955,8,176500
8,1588,3,1588,2006,2,1588,7,227000
5,954,2,911,1976,1,954,6,132500
4,816,1,816,1938,1,816,3,100000
5,1360,1,803,1938,1,803,6,125500
5,1365,2,765,1970,1,765,7,125000
6,1334,2,1350,1977,2,1334,6,167900
5,1656,2,1656,1973,2,1656,8,135000
4,693,0,693,1941,1,693,4,52500
7,1861,2,916,2002,2,920,8,200000
5,864,1,864,1972,1,864,5,128500
4,872,4,858,1971,1,872,5,123000
6,1114,2,1114,2003,1,1114,6,155000
8,2169,2,1284,2002,2,1284,7,228500
6,1913,2,896,1928,1,1172,9,177000
7,1456,2,728,2006,2,728,8,155835
4,960,1,960,1920,1,960,5,108500
7,2156,2,1568,1968,2,2156,9,262500
8,1776,3,1732,2006,2,1776,7,283463
7,1494,2,1482,1998,2,1494,5,215000
8,2358,0,684,1872,2,938,8,122000
5,2634,4,1248,1969,2,1338,12,200000
6,1716,2,858,1962,1,858,8,171000
6,1176,2,698,1937,1,786,4,134900
8,3238,3,2033,1995,2,2053,9,410000
7,1865,3,992,2000,2,992,7,235000
7,1920,2,570,1968,3,1222,8,170000
5,892,1,864,1966,1,892,5,110000
5,1078,2,1078,1971,1,1078,6,149900
6,1573,2,756,2000,2,769,5,177500
9,1980,3,1980,2004,2,1980,8,315000
5,2601,2,612,1921,3,990,8,189000
7,1530,2,1530,2005,2,1530,7,260000
4,1738,1,715,1920,2,1281,7,104900
6,1412,2,616,2006,2,616,6,156932
7,1200,2,600,2005,2,520,4,144152
7,1674,2,814,2000,2,814,7,216000
7,1790,2,873,1999,2,882,7,193000
5,1475,1,757,1977,2,925,6,127000
6,848,2,848,2003,1,848,4,144000
8,1668,2,1657,2003,2,1668,8,232000
4,1374,1,840,1920,1,840,6,105000
6,1661,1,992,1955,1,1661,8,165500
7,2097,2,1108,1998,2,1108,8,274300
10,2633,3,2633,2001,2,2633,8,466500
7,1958,3,1026,2005,2,1026,9,250000
8,1571,3,1571,2007,2,1571,7,239000
6,790,1,768,1930,1,790,4,91000
5,1604,2,984,1941,2,984,6,117000
6,987,1,483,1973,1,483,5,83000
5,1394,2,384,2006,2,754,7,167500
3,864,1,864,1914,1,864,5,58500
6,2117,2,1205,1970,2,2117,7,237500
7,1762,2,596,1920,1,998,8,157000
5,1416,2,816,1918,2,1416,7,112000
6,1258,1,560,1939,1,698,6,105000
4,1154,1,796,1922,1,796,7,125500
7,2784,2,1392,1978,3,1392,12,250000
6,2526,1,714,1916,2,1664,10,136000
9,1746,3,1746,2006,2,1746,7,377500
6,1218,2,735,1941,1,869,6,131000
7,1525,2,1525,2000,2,1525,6,235000
5,1584,3,1584,1967,2,1584,8,124000
5,900,1,864,1967,1,900,6,123000
6,1912,2,482,1905,2,1221,7,163000
7,1500,3,1356,2006,2,1500,6,246578
8,2482,3,1094,2005,2,1133,9,281213
5,1687,2,747,1948,1,1687,7,160000
5,1513,1,939,1920,1,939,8,137500
5,1904,1,1208,1950,1,1136,7,138000
6,1608,1,976,1925,2,1160,7,137450
6,1158,1,862,1929,1,950,5,120000
6,1593,2,839,2004,2,864,8,193000
7,1294,2,1286,2006,2,1294,6,193879
8,1464,3,1485,2007,2,1464,6,282922
3,1214,3,672,1915,1,694,6,105000
8,1646,2,1594,2004,2,1646,5,275000
5,768,2,768,1972,1,768,5,133000
5,833,0,833,1985,1,833,5,112000
4,1363,2,622,1910,1,741,6,125500
7,2093,2,791,1986,2,1236,7,215000
7,1840,2,944,2001,2,944,6,230000
6,1668,1,856,1950,1,1112,6,140000
4,1040,2,0,1949,2,1040,6,90000
8,1844,2,1844,2005,2,1844,7,257000
6,1848,2,833,1923,1,1053,8,207000
7,1569,3,1386,2007,2,1569,7,175900
4,2290,2,777,1885,2,1246,11,122500
8,2450,3,1284,1998,2,1310,7,340000
5,1144,1,1144,1963,1,1144,6,124000
6,1844,2,1844,1969,2,1844,7,223000
6,1416,2,708,1968,2,708,7,179900
6,1069,2,1069,1977,2,1069,4,127500
6,848,2,848,2003,1,848,3,136500
6,2201,2,697,1966,2,1575,8,274970
5,1344,1,1024,1958,1,1344,6,144000
6,1252,2,1252,1959,1,1252,7,142000
7,2127,2,1223,1994,2,1223,5,271000
5,1558,1,913,1945,1,1048,6,140000
5,804,1,788,1940,1,804,4,119000
6,1440,2,1440,1981,2,1440,7,182900
5,1838,2,732,2005,2,734,7,192140
6,958,2,958,1976,2,958,5,143750
4,968,1,656,1927,2,968,5,64500
6,1792,2,936,2000,2,962,8,186500
5,1126,2,1126,1977,2,1126,5,160000
6,1537,2,1319,1962,1,1537,7,174000
4,864,2,864,1971,1,864,5,120500
8,1932,3,1932,2008,2,1932,7,394617
6,1236,2,912,1957,1,1236,6,149700
7,1725,2,539,1979,2,1040,6,197000
6,2555,2,588,1922,2,1423,11,191000
6,848,2,848,2004,1,848,3,149300
10,2007,3,1017,2008,2,1026,10,310000
6,952,1,952,1916,1,952,4,121000
7,1422,2,1422,2004,2,1422,7,179600
6,913,1,814,1966,1,913,6,129000
5,1188,1,1188,1962,1,1188,6,157900
8,2090,2,1220,1995,2,1220,8,240000
4,1346,1,560,1910,1,796,6,112000
5,630,0,630,1970,1,630,3,92000
5,1792,0,896,1974,2,896,8,136000
8,1578,3,1573,2008,2,1578,7,287090
5,1072,2,547,2005,1,1072,5,145000
5,1140,0,1140,2006,1,1140,6,84500
7,1221,2,1221,2004,2,1221,6,185000
6,1647,2,953,1999,2,953,7,175000
6,2073,2,1542,1978,2,2073,7,210000
7,2340,1,1152,1941,2,1188,9,266500
5,1078,1,1078,1950,1,1078,5,142125
5,1256,1,1256,1965,1,1256,6,147500
